<?xml version='1.0' encoding='UTF-8'?>
<definitions xmlns="http://www.omg.org/spec/BPMN/20100524/MODEL" xmlns:xsi="http://www.w3.org/2001/XMLSchema-instance"
             xmlns:activiti="http://activiti.org/bpmn"
             typeLanguage="http://www.w3.org/2001/XMLSchema" expressionLanguage="http://www.w3.org/1999/XPath"
             targetNamespace="http://www.activiti.org/processdef" xmlns:modeler="http://activiti.com/modeler"
             modeler:version="1.0en" modeler:exportDateTime="20140921225032835" modeler:modelId="2000"
             modeler:modelVersion="1" modeler:modelLastUpdated="1411365029867">
    <process id="photoProcess" name="photoProcess" isExecutable="true">
        <startEvent id="startEvent1"/>
        <subProcess id="sid-1AA38D08-310B-4BFE-A6AD-F32488643000" name="subProcess">

            <multiInstanceLoopCharacteristics
                    isSequential="false"
                    activiti:collection="photos"
                    activiti:elementVariable="photo"/>

            <startEvent id="start-sp"/>
            <sequenceFlow sourceRef="start-sp" targetRef="send-to-photo-processing-service"/>
            <serviceTask id="send-to-photo-processing-service" name="Send to photo processing service"
                         activiti:delegateExpression="#{activitiDelegate}"/>

            <!--activiti:expression="${photoService.startProcessingPhoto(photo)}"/>-->


            <!--
                        <receiveTask id="wait" name="Wait for completion"/>
            -->

            <!--
                        <sequenceFlow id="sid-3667040B-ED6C-424E-BFAD-69718B40FD1C" sourceRef="sid-FCFA0F9D-8796-43E2-ACFD-13AF3465F929" targetRef="wait"/>
            -->


        </subProcess>
        <sequenceFlow id="sid-13DC3678-E57E-4E0B-9F80-55E11BF7304F" sourceRef="startEvent1"
                      targetRef="sid-1AA38D08-310B-4BFE-A6AD-F32488643000"/>
        <boundaryEvent id="sid-CF518067-8143-4CC3-AE33-C3FE326E9EC3"
                       attachedToRef="sid-1AA38D08-310B-4BFE-A6AD-F32488643000" cancelActivity="true">
            <timerEventDefinition>
                <timeDuration>PT10M</timeDuration>
            </timerEventDefinition>
        </boundaryEvent>
        <userTask id="sid-A51C2956-123E-44AD-9548-0239C6164596" name="Process photos manually"
                  activiti:assignee="$INITIATOR">
            <extensionElements>
                <modeler:activiti-idm-initiator>true</modeler:activiti-idm-initiator>
            </extensionElements>
        </userTask>
        <sequenceFlow id="sid-F7745084-E689-431F-8F78-0FCAFE376EAE" sourceRef="sid-CF518067-8143-4CC3-AE33-C3FE326E9EC3"
                      targetRef="sid-A51C2956-123E-44AD-9548-0239C6164596"/>
        <endEvent id="sid-463B9727-4C0A-4C1A-BE84-09D6842D3AF7"/>
        <sequenceFlow id="sid-ECF49058-5E5D-49BB-804E-BFD9FED4D035" sourceRef="sid-A51C2956-123E-44AD-9548-0239C6164596"
                      targetRef="sid-463B9727-4C0A-4C1A-BE84-09D6842D3AF7"/>
        <userTask id="sid-8E972729-8F07-4413-86A9-392A34D949EF" name="Review result"
                  activiti:candidateGroups="photoReviewers">
            <extensionElements>
                <modeler:activiti-idm-initiator>true</modeler:activiti-idm-initiator>
            </extensionElements>
        </userTask>
        <sequenceFlow id="sid-0F909E8C-17D2-468B-8780-6DFF2C539369" sourceRef="sid-1AA38D08-310B-4BFE-A6AD-F32488643000"
                      targetRef="sid-8E972729-8F07-4413-86A9-392A34D949EF"/>
        <exclusiveGateway id="sid-CC2BFD5B-E700-4C3A-BB7D-EC47A6BA7C0B"
                          default="sid-733ED6FC-9CF7-485B-A67E-B6BF8D1F90DA"/>
        <sequenceFlow id="sid-952ED7E5-9F9B-42E8-9212-DECA33D7A6D2" sourceRef="sid-8E972729-8F07-4413-86A9-392A34D949EF"
                      targetRef="sid-CC2BFD5B-E700-4C3A-BB7D-EC47A6BA7C0B"/>
        <endEvent id="sid-DA92F2D8-10E6-4CFD-B44C-81998A8D6FAB"/>
        <sequenceFlow id="sid-733ED6FC-9CF7-485B-A67E-B6BF8D1F90DA" sourceRef="sid-CC2BFD5B-E700-4C3A-BB7D-EC47A6BA7C0B"
                      targetRef="sid-DA92F2D8-10E6-4CFD-B44C-81998A8D6FAB"/>
        <sequenceFlow id="sid-CCE52848-81CA-478A-B0E1-B4A55D419439" sourceRef="sid-CC2BFD5B-E700-4C3A-BB7D-EC47A6BA7C0B"
                      targetRef="sid-58F18100-CA85-4D93-85F6-D61058913735">
            <conditionExpression xsi:type="tFormalExpression"><![CDATA[${!approved}]]></conditionExpression>
        </sequenceFlow>
        <serviceTask id="sid-58F18100-CA85-4D93-85F6-D61058913735" name="Send failure email" activiti:type="mail">
            <extensionElements>
                <activiti:field name="to">
                    <activiti:string><![CDATA[test@blah.com]]></activiti:string>
                </activiti:field>
                <activiti:field name="from">
                    <activiti:string><![CDATA[no-reply@activiti.com]]></activiti:string>
                </activiti:field>
                <activiti:field name="html">
                    <activiti:string><![CDATA[Sorry, it didn't work out]]></activiti:string>
                </activiti:field>
            </extensionElements>
        </serviceTask>
        <endEvent id="sid-4A0917CE-835E-4D99-B771-8D02346009D3"/>
        <sequenceFlow id="sid-D1A2FE7F-69A7-4712-9D72-4D52335388BE" sourceRef="sid-58F18100-CA85-4D93-85F6-D61058913735"
                      targetRef="sid-4A0917CE-835E-4D99-B771-8D02346009D3"/>
    </process>

</definitions>