<?xml version="1.0" encoding="UTF-8"?>

<root-container name="Wap Subscription Close Confirmation" width="561" height="337">
  <node name="start" x="0" y="0" width="132" height="36">
    <edge>
      <label x="5" y="-10"/>
    </edge>
  </node>
  <node name="identify_enduser" x="178" y="3" width="132" height="36">
    <edge>
      <label x="5" y="-10"/>
    </edge>
  </node>
  <node name="id_complete" x="179" y="81" width="132" height="36">
    <edge>
      <label x="5" y="-10"/>
    </edge>
    <edge>
      <label x="5" y="-10"/>
    </edge>
  </node>
  <node name="process_confirm" x="179" y="271" width="132" height="36">
    <edge>
      <label x="5" y="-10"/>
    </edge>
  </node>
  <node name="confirm_complete" x="416" y="80" width="132" height="36">
    <edge>
      <label x="5" y="-10"/>
    </edge>
    <edge>
      <label x="5" y="-10"/>
    </edge>
  </node>
  <node name="end" x="415" y="260" width="132" height="36">
    <edge>
      <label x="5" y="-10"/>
    </edge>
  </node>
</root-container>
