<?xml version="1.0" encoding="UTF-8"?>

<process name="three_d_secure_credit_card_payment" xmlns="http://jbpm.org/4.4/jpdl">
	<start g="8,51,48,48" name="start_transaction">
		<transition g="-37,-18" name="data_input" to="credit_card_data"/>
	</start>
	
	<state g="117,48,147,52" name="credit_card_data">
		<transition g="-49,-20" name="check card status" to="check_enrollment"/>
	</state>

	<decision g="372,51,48,48" name="check_enrollment">
		<transition g="-50,-15" name="enrolled" to="three_d_secure_payment_booking"/>
		<transition g="-37,-19" name="not_enrolled" to="alternative_payment"/>
	</decision>

	<state g="284,139,225,40" name="three_d_secure_payment_booking">
		<transition g="-83,-12" name="evaluate_result" to="evaluate_result"/>
	</state>

	<decision g="375,228,48,48" name="evaluate_result">
		<transition g="0,-20" name="ok" to="query_info"/>
		<transition g="611,251:-154,-20" name="nok" to="alternative_payment"/>
	</decision>

	<state g="135,232,173,40" name="query_info">
		<transition g="-123,-17" name="validate transaction ID" to="validate_transaction"/>
	</state>


	<state g="522,52,173,40" name="alternative_payment"/>

	<decision g="198,332,48,48" name="validate_transaction">
		<transition g="-52,-18" name="complete transaction" to="end_of_transaction"/>
		<transition g="-36,-18" name="abort transaction" to="abort_transaction"/>
	</decision>

	<end g="418,333,48,48" name="end_of_transaction"/>

	<end-cancel g="19,333,48,48" name="abort_transaction"/>
</process>