<?xml version="1.0"?>
<process-definition name="Wap OTP Confirmation Wait">
  <description>Generates two dialogs. One offers an otp service and processes the positive or negative end user confirmation. The other shows a wait page and redirects at the end of dialog one to the customer.</description>
  <start-state name="start">
    <transition to="fork">
      <action class="net.netm.mt.ds.service.confirmation.wap.abosetup.StartHandler"/>
    </transition>
  </start-state>
 
  <fork name="fork">
    <transition name="eins" to="identify_enduser"/>
    <transition name="zwei" to="start_wait"/>
  </fork>

  <state name="identify_enduser">
    <transition to="id_complete"/>
  </state>
  <decision name="id_complete">
    <handler class="net.netm.mt.ds.service.confirmation.wap.otp.IdHandler"/>
    <transition name="confirm" to="process_confirm"/>
    <transition name="end" to="end"/>
  </decision>

  <state name="process_confirm">
    <transition to="confirm_complete"/>
  </state>
  <decision name="confirm_complete">
    <handler class="net.netm.mt.ds.service.confirmation.wap.otp.ResultHandler"/>
    <transition name="need_data" to="id_complete"/>
    <transition name="end" to="end"/>
  </decision>

  <state name="end">
    <event type="node-enter">
      <action class="net.netm.mt.ds.service.confirmation.wap.otp.FarewellHandler"/>
    </event>
    <transition to="end"/>
  </state>

  <state name="start_wait">
    <event type="node-enter">
      <action class="net.netm.mt.ds.service.confirmation.wap.otp.WaitHandler"/>
    </event>
    <transition to="end"/>
  </state>
</process-definition>
