<?xml version="1.0"?>
<process-definition name="Wap OTP Confirmation">
  <description>Offers an otp service and processes the positive or negative end user confirmation.</description>
  <start-state name="start">
    <transition to="identify_enduser">
      <action class="net.netm.mt.ds.service.confirmation.wap.otp.StartHandler"/>
    </transition>
  </start-state>

  <state name="identify_enduser">
    <transition to="id_complete"/>
  </state>
  <decision name="id_complete">
    <handler class="net.netm.mt.ds.service.confirmation.wap.otp.IdHandler"/>
    <transition name="confirm" to="process_confirm"/>
    <transition name="end" to="end"/>
  </decision>

  <state name="process_confirm">
    <transition to="confirm_complete"/>
  </state>
  <decision name="confirm_complete">
    <handler class="net.netm.mt.ds.service.confirmation.wap.otp.ResultHandler"/>
    <transition name="need_data" to="id_complete"/>
    <transition name="end" to="end"/>
  </decision>

  <state name="end">
    <event type="node-enter">
      <action class="net.netm.mt.ds.service.confirmation.wap.otp.FarewellHandler"/>
    </event>
    <transition to="end"/>
  </state>
</process-definition>
