<?xml version="1.0"?>
<process-definition name="Web wait">
  <description>Shows a wait page and checks pgw by queryInfo periodically for continuation by redirect.</description>
  <start-state name="start">
    <transition to="end">
      <action class="net.netm.mt.ds.service.confirmation.web.wait.StartHandler"/>
    </transition>
  </start-state>

  <state name="end">
    <event type="node-enter">
      <action class="net.netm.mt.ds.service.confirmation.web.wait.WaitHandler"/>
    </event>
    <transition to="end"/>
  </state>
</process-definition>