<?xml version="1.0" encoding="UTF-8"?>
<configuration id="pgw-hydra-t">
	<host>pgw.wap.test.net-m.de</host>
	<path>/pgw/io/PaymentGateway</path>
	<port>0</port>
	<scheme>http</scheme>
	<pgwversion>5.0</pgwversion>
	<pgwusername>u00000d6</pgwusername>
	<pgwpassword>QxpE1ooM</pgwpassword>
	<category>11</category>
	<m2m>1</m2m>
	<servicetype>web</servicetype>
	<serviceid>abg_cc_pv_3ds</serviceid>
	<paymenttype>otp</paymenttype>
	<aptype>cc</aptype>
	<remoteip>192.168.5.61</remoteip>
	<currency>EURO-CENT</currency>
<!--	<endpointurl>http://pgw.wap.test.net-m.de/pgw/io/PaymentGateway</endpointurl>-->
	<pgwendpointurl>http://localhost:8370/pgw/io/PaymentGateway</pgwendpointurl>
	<myendpointurl>http://clientsim.test.net-m.de/shopclient-payvision/test</myendpointurl>
</configuration>