<?xml version="1.0" encoding="UTF-8"?>
<!DOCTYPE log4j:configuration SYSTEM "log4j.dtd">
<log4j:configuration debug="true">
	<appender name="payvision" class="org.apache.log4j.DailyRollingFileAppender">
		<param name="File" value="shopclient-payvision.log" />
		<param name="DatePattern" value="'_'yyyy-MM-dd" />
		<param name="Append" value="true" />
		<layout class="org.apache.log4j.PatternLayout">
		<param name="ConversionPattern" value="%-4r [%t] %-5p %c %x - %m%n" />
		<!-- 
		 <param name="ConversionPattern"
				value="%d [%p] [%t] [%X{tkey}] [%X{provider}:%X{username}] [%X{requesttype}] [%X{paymenttype}] [%X{servicetype}] [%X{originatorid}] [%X{id}] [%X{subscriptionamount}] [%X{itemamount}] [%X{sentamount}] %C{3}: %m\n" />
		 -->	
		</layout>
	</appender>

	<appender name="payvisionConsole" class="org.apache.log4j.ConsoleAppender">
		<!-- A1 uses PatternLayout -->
		<layout class="org.apache.log4j.PatternLayout">
			<param name="ConversionPattern" value="%-4r [%t] %-5p %c %x - %m%n" />
		</layout>
	</appender>

	<root>
		<priority value="debug" />
		<appender-ref ref="payvision" />
		<appender-ref ref="payvisionConsole" />
	</root>
</log4j:configuration>
