<?xml version="1.0" encoding="ISO-8859-1"?>
<root>
	<config>
		<securestorage>
			<live value="true" />
			<server host="localhost" port="8080" />
			<keystore file="keystore_client.jks" password="secret" />
			<truststore file="keystore_client.jks" password="secret" />
		</securestorage>
	</config>
	<providers>


        <!-- ........................................................... -->
        <!-- ........................................................... -->
        <!-- ....................  TEST CONFIGURATION  ................. -->
        <!-- ........................................................... -->
        <!-- ........................................................... -->

                <!-- ************************ MPASS **************************** -->
                <provider name="MPASS_TESTSYSTEM" protocol="MPASS">
                        <setting>
                                <timeout>30000</timeout>
                                <server url="http://localhost:8290/ABG_SIM/io/mpass" proxyHost="" proxyPort="" />
                                <!-- service-type=wap|web|sms|mms|voice -->
                                <add2response>
                                        <response type="prepareSubscription" payment-type="subscr" service-type="web">
                                                <param name="senddialog" default="true"/>
                                        </response>
                                        <response type="initSubscription" payment-type="subscr" service-type="web">
                                                <param name="senddialog" default="true"/>
                                        </response>
                                        <response type="preparePayment" payment-type="otp" service-type="web">
                                                <param name="senddialog" default="TEST4DEVELOPER_OTP"/>
                                        </response>
                                        <response type="preparePayment" payment-type="subscr" service-type="web">
                                                <param name="senddialog" default="TEST4DEVELOPER_SUBSCR"/>
                                        </response>
                                        <response type="stopSubscription" payment-type="subscr" service-type="web">
                                                <param name="senddialog" default="true"/>
                                        </response>
                                        <response type="pinRequest" payment-type="otp" service-type="web">
                                                <param name="sendpin" default="false"/>
                                        </response>
                                        <response type="pinRequest" payment-type="subscr" service-type="web">
                                                <param name="sendpin" default="false"/>
                                        </response>
                                        <response type="pinSubscriptionRequest" payment-type="subscr" service-type="web">
                                                <param name="sendpin" default="false"/>
                                                </response>
                                </add2response>
                        </setting>
                        <account username="ABGPayment" password="passABGPayment" service-type="sms|mms|wap|web|voice|video">
                                <payment type="otp" default_aptype ="mpass"/>
                                <payment type="subscr" default_aptype ="mpass"/>
                        </account>
                </provider>


        <!-- ************************ NET-M BILL4NET SIMULATOR **************************** -->
        <provider name="BILL4NET_SIMULATOR" protocol="BILL4NET">
                <setting>
                        <!--<counter transId="bill4net_simulator_transId.txt" subscrId="bill4net_simulator_subscrId.txt"/>-->
                        <timeout>30000</timeout>
                        <!-- <server url="https://core.bill4net.com/service/service_request_interface.php" proxyHost="" proxyPort="" /> -->
                        <server url="http://localhost:8290/ABG_SIM/io/bill4net"  proxyHost="" proxyPort="" />
                        <truststore file="" password="" />
                        <!-- validityperiod is in minutes -->
                        <validityperiod prepareSubscription="300" preparePayment4otp="300" preparePayment4subscr="1800" chargeSubscription="10" />
                        <!--<validityperiod prepareSubscription="1" preparePayment4otp="1" preparePayment4subscr="1" chargeSubscription="1" />-->
                        <delay res-delay="1" cap-delay="2" />

                        <!-- service-type=wap|web|sms|mms|voice -->
                        <add2response><!--  example on how to use this config part in the future
                                <response type="preparePayment" payment-type="subscr" service-type="web">
                                        <param name="senddialog" default="TEST4DEVELOPER_SUBSCR"/>
                                </response>
                                <response type="pinRequest" payment-type="subscr" service-type="web">
                                        <param name="sendpin" default="false"/>
                                </response>-->
                        </add2response>
                </setting>
                <account username="ABGPayment" password="passABGPayment" service-type="sms|mms|wap|web|voice|video">
                        <payment type="otp" sid="605" session="OTP_${PGW_UserIDofClient}_${Bill4Net_SubscriptionID}_${PGW_SubscriptionID2Client}_${PGW_TransactionID2Client}" client="net-m" subclient="pgw" default_aptype ="cc" description="test" description-source="config"/>
                        <payment type="subscr" sid="605" session="ABO_${PGW_UserIDofClient}_${Bill4Net_SubscriptionID}_${PGW_SubscriptionID2Client}_${PGW_TransactionID2Client}" client="net-m" subclient="pgw" default_aptype ="cc" description="" description-source="request"/>
                </account>
        </provider>

        <!-- ************************ BILL4NET **************************** -->
        <provider name="BILL4NET_TESTSYSTEM" protocol="BILL4NET">
                <setting>
                        <!--<counter transId="bill4net_testsystem_transId.txt" subscrId="bill4net_testsystem_subscrId.txt"/>-->
                        <timeout>30000</timeout>
                        <!-- <server url="https://core.bill4net.com/service/service_request_interface.php" proxyHost="" proxyPort="" /> -->
                        <server url="https://core.bill4net.com/service/service_request_interface.php"  proxyHost="proxy" proxyPort="3128" />
                        <truststore file="/opt/as/APP/ABG/resources/bill4net.jks" password="qweasdzxc" />
                        <!-- validityperiod is in minutes -->
                        <validityperiod 
				prepareSubscription="1051200" 
				preparePayment4otp="1051200" 
				preparePayment4subscr="1051200" 
				chargeSubscription="1051200" /><!-- 2yrs -->
                        <!--<validityperiod prepareSubscription="1" preparePayment4otp="1" preparePayment4subscr="1" chargeSubscription="1" />-->
                        <delay res-delay="1" cap-delay="2" />

			<!-- service-type=wap|web|sms|mms|voice -->
                        <add2response><!--  example on how to use this config part in the future
                                <response type="preparePayment" payment-type="subscr" service-type="web">
                                        <param name="senddialog" default="TEST4DEVELOPER_SUBSCR"/>
                                </response>
                                <response type="pinRequest" payment-type="subscr" service-type="web">
                                        <param name="sendpin" default="false"/>
                                </response>-->
                        </add2response>
                </setting>
                <account username="ABGPayment" password="passABGPayment" service-type="sms|mms|wap|web|voice|video">
                        <payment type="otp" sid="605" session="OTP_${PGW_UserIDofClient}_${Bill4Net_SubscriptionID}_${PGW_SubscriptionID2Client}_${PGW_TransactionID2Client}" client="net-m" subclient="pgw" default_aptype ="cc" description="test" description-source="config"/>
                        <payment type="subscr" sid="605" session="ABO_${PGW_UserIDofClient}_${Bill4Net_SubscriptionID}_${PGW_SubscriptionID2Client}_${PGW_TransactionID2Client}" client="net-m" subclient="pgw" default_aptype ="cc" description="" description-source="request"/>
                </account>
        </provider>
 
        <!-- ************************ AKCEPTO **************************** -->
        <provider name="AKCEPTO_TESTSYSTEM" protocol="AKCEPTO">
                <setting>
                        <timeout>30000</timeout>
                        <server url="https://ssl.akcepto.com/gateway/xml"  proxyHost="proxy" proxyPort="3128" />
                        <truststore file="/opt/as/APP/ABG/resources/bill4net.jks" password="qweasdzxc" />
                        <validityperiod 
				prepareSubscription="1051200" 
				preparePayment4otp="1051200" 
				preparePayment4subscr="1051200" 
				chargeSubscription="1051200" /><!-- 2yrs -->
                </setting>
                <account username="ABGPayment" password="passABGPayment" service-type="sms|mms|wap|web|voice|video">
                        <payment type="otp" cclogin="m900012" ccpassword="test" ccchannel="test"/>
                        <payment type="subscr" cclogin="m900012" ccpassword="test" ccchannel="test"/>
                </account>
        </provider>
 
        <!-- ************************ AKCEPTO **************************** -->
        <provider name="PAYVISION_TESTSYSTEM" protocol="PAYVISION">
                <setting>
                        <timeout>180000</timeout>
                        <server url="https://testprocessor.payvisionservices.com/Gateway/"  proxyHost="proxy" proxyPort="3128" />
                        <truststore file="/opt/as/APP/ABG/resources/bill4net.jks" password="qweasdzxc" />
                        <validityperiod 
				prepareSubscription="1051200" 
				preparePayment4otp="1051200" 
				preparePayment4subscr="1051200" 
				chargeSubscription="1051200" /><!-- 2yrs -->
                </setting>
                <account username="ABGPayment" password="passABGPayment" service-type="sms|mms|wap|web|voice|video">
                        <payment type="otp" memberId="2413" memberGuid="D68871F6-B161-4C1A-88BC-763271EB282E"/>
                        <payment type="subscr" memberId="2413" memberGuid="D68871F6-B161-4C1A-88BC-763271EB282E"/>
                </account>
        </provider>


        <provider name="PAYVISION_TESTSYSTEM_LOCAL" protocol="PAYVISION">
                <setting>
                        <timeout>180000</timeout>
                        <server url="https://testprocessor.payvisionservices.com/Gateway/"  proxyHost="proxy" proxyPort="3128" />
                        <truststore file="bill4net.jks" password="qweasdzxc" />
                        <validityperiod 
				prepareSubscription="1051200" 
				preparePayment4otp="1051200" 
				preparePayment4subscr="1051200" 
				chargeSubscription="1051200" /><!-- 2yrs -->
                </setting>
                <account username="ABGPayment" password="passABGPayment" service-type="sms|mms|wap|web|voice|video">
                        <payment type="otp" memberId="2413" memberGuid="D68871F6-B161-4C1A-88BC-763271EB282E"/>
                        <payment type="subscr" memberId="2413" memberGuid="D68871F6-B161-4C1A-88BC-763271EB282E"/>
                </account>
        </provider>
 
	<!-- ########################################################### -->
	<!-- ########################################################### -->
	<!-- ####################  LIVE CONFIGURATION  ################# -->
	<!-- ########################################################### -->
	<!-- ########################################################### -->

	<!-- ************************ BILL4NET **************************** -->
	<provider name="BILL4NET_LIVESYSTEM" protocol="BILL4NET">
		<setting>
			<!--<counter transId="bill4net_livesystem_transId.txt" subscrId="bill4net_livesystem_subscrId.txt"/>-->
			<timeout>30000</timeout>
			<!--<server url="https://core.bill4net.com/service/service_request_interface.php" proxyHost="" proxyPort="" />-->
			<server url="https://core.bill4net.com/service/service_request_interface.php"  proxyHost="proxy" proxyPort="3128" />
			<truststore file="/opt/as/APP/ABG/resources/bill4net.jks" password="qweasdzxc" />
			<!-- validityperiod is in minutes -->
                        <validityperiod prepareSubscription="300" preparePayment4otp="300" preparePayment4subscr="1800" chargeSubscription="10" />
                        <!--<validityperiod prepareSubscription="1" preparePayment4otp="1" preparePayment4subscr="1" chargeSubscription="1" />-->
                        <delay res-delay="1" cap-delay="2" />

			<!-- service-type=wap|web|sms|mms|voice -->
                        <add2response><!-- example on how to use this config part in the future
                                <response type="preparePayment" payment-type="subscr" service-type="web">
                                        <param name="senddialog" default="TEST4DEVELOPER_SUBSCR"/>
                                </response>
                                <response type="pinRequest" payment-type="subscr" service-type="web">
                                        <param name="sendpin" default="false"/>
                                </response>-->
                        </add2response>
		</setting>
		<account username="POKITOPayment" password="passPOKITOPayment" service-type="sms|mms|wap|web|voice|video">
			<payment type="otp" sid="100554" session="OTP_${PGW_UserIDofClient}_${Bill4Net_SubscriptionID}_${PGW_SubscriptionID2Client}_${PGW_TransactionID2Client}" client="net-m" subclient="pokito" default_aptype ="cc" description="test" description-source="config"/>
			<payment type="subscr" sid="100554" session="ABO_${PGW_UserIDofClient}_${Bill4Net_SubscriptionID}_${PGW_SubscriptionID2Client}_${PGW_TransactionID2Client}" client="net-m" subclient="pokito" default_aptype ="cc" description="" description-source="request"/>
		</account>
                <account username="ABGPayment" password="passABGPayment" service-type="sms|mms|wap|web|voice|video">
                        <payment type="otp" sid="605" session="OTP_${PGW_UserIDofClient}_${Bill4Net_SubscriptionID}_${PGW_SubscriptionID2Client}_${PGW_TransactionID2Client}" client="net-m" subclient="pgw" default_aptype ="cc" description="test" description-source="config"/>
                        <payment type="subscr" sid="605" session="ABO_${PGW_UserIDofClient}_${Bill4Net_SubscriptionID}_${PGW_SubscriptionID2Client}_${PGW_TransactionID2Client}" client="net-m" subclient="pgw" default_aptype ="cc" description="" description-source="request"/>
                </account>
	</provider>

	</providers>
</root>
