<?xml version="1.0" encoding="ISO-8859-1"?>

<ReasonCodeMap>

 <ErrorCode2ReasonCodeTable>

  <protocol name="MPASS">
   <otp>
    <convert ExternalError="0"  status-code="0" ext-error-text="Transaction success"> </convert>
   </otp>
   <subscr>
   </subscr>

   <default status-code="2" reason-code="9999"> </default>
  </protocol>

  <protocol name="BILL4NET">
   <otp>
    <convert ExternalError="2"  status-code="0" ext-error-text="Transaction success"> </convert>
    <convert ExternalError="305" status-code="1" ext-error-text="No free DDI, try again later"> </convert>
    <convert ExternalError="317" status-code="1" ext-error-text="Charge not successful while account exists, please try again"> </convert>
    <convert ExternalError="3" status-code="2" reason-code="4098" ext-error-text="Transaction failed"> </convert>
    <convert ExternalError="308" status-code="2" reason-code="2906" ext-error-text="The rate or number in amount is not exist"> </convert>
    <convert ExternalError="310" status-code="2" reason-code="4908" ext-error-text="Credit card payment is not allowed"> </convert>
    <convert ExternalError="311" status-code="2" reason-code="4908" ext-error-text="Direct debit payment is not allowed"> </convert>
    <convert ExternalError="312" status-code="2" reason-code="2906" ext-error-text="Invalid 'card' parameter"> </convert>
    <convert ExternalError="313" status-code="2" reason-code="2906" ext-error-text="Invalid 'type' parameter or ID is invalid"> </convert>
    <convert ExternalError="314" status-code="2" reason-code="2906"
        ext-error-text="Reservation is not possible; perhaps data is invalid, or account is not exist"> </convert>
    <convert ExternalError="315" status-code="2" reason-code="4908"
        ext-error-text="Cannot find CC/DD-ID during Capture; ID, SID, or Session is invalid, or already cancelled"> </convert>
    <convert ExternalError="316" status-code="2" reason-code="2906"
        ext-error-text="Cannot find CC/DD-ID during 2nd Reservation with help of subscriptionid"> </convert>
    <convert ExternalError=".*Fehlende Parameter.*" status-code="2" reason-code="2906" ext-error-text="Invalid parameter"> </convert>
    <convert ExternalError=".*Erlaubt sind nur folgende.*" status-code="2" reason-code="4908" ext-error-text="Not allowed"> </convert>
   </otp>
   <subscr>
    <convert ExternalError="2" status-code="0" error-text="Transaction success"> </convert>
    <convert ExternalError="305" status-code="1" error-text="No free DDI, try again later"> </convert>
    <convert ExternalError="317" status-code="1" ext-error-text="Charge not successful while account exists, please try again"> </convert>
    <convert ExternalError="3" status-code="2" reason-code="4098" ext-error-text="Transaction failed"> </convert>
    <convert ExternalError="308" status-code="2" reason-code="2906" ext-error-text="The rate or number in amount is not exist"> </convert>
    <convert ExternalError="310" status-code="2" reason-code="4908" ext-error-text="Credit card payment is not allowed"> </convert>
    <convert ExternalError="311" status-code="2" reason-code="4908" ext-error-text="Direct debit payment is not allowed"> </convert>
    <convert ExternalError="312" status-code="2" reason-code="2906" ext-error-text="Invalid 'card' parameter"> </convert>
    <convert ExternalError="313" status-code="2" reason-code="2906" ext-error-text="Invalid 'type' parameter or ID is invalid"> </convert>
    <convert ExternalError="314" status-code="2" reason-code="2906"
        ext-error-text="Reservation is not possible; perhaps data is invalid, or account is not exist"> </convert>
    <convert ExternalError="315" status-code="2" reason-code="4908"
        ext-error-text="Cannot find CC/DD-ID during Capture; ID, SID, or Session is invalid, or already cancelled"> </convert>
    <convert ExternalError="316" status-code="2" reason-code="2906"
        ext-error-text="Cannot find CC/DD-ID during 2nd Reservation with help of subscriptionid"> </convert>
    <convert ExternalError=".*Fehlende Parameter.*" status-code="2" reason-code="2906" ext-error-text="Invalid parameter"> </convert>
    <convert ExternalError=".*Erlaubt sind nur folgende.*" status-code="2" reason-code="4908" ext-error-text="Not allowed"> </convert>
   </subscr>

   <default status-code="2" reason-code="9999"> </default>
  </protocol>

  <protocol name="AKCEPTO">
   <otp>
    <convert ExternalError="0"  status-code="2" reason-code="2906"      ext-error-text="UNCHECKED"> </convert>
    <convert ExternalError="1"  status-code="0"                         ext-error-text="OK"> </convert>
    <convert ExternalError="2"  status-code="2" reason-code="4908"      ext-error-text="INVALID"> </convert>
    <convert ExternalError="3"  status-code="2" reason-code="2906"      ext-error-text="ERROR"> </convert>
    <convert ExternalError="4"  status-code="1"                         ext-error-text="FALLBACK"> </convert>
    <convert ExternalError="5"  status-code="2" reason-code="2906"      ext-error-text="UNSUPPORTED"> </convert>
   </otp>
   <subscr>
    <convert ExternalError="0"  status-code="2" reason-code="2906"      ext-error-text="UNCHECKED"> </convert>
    <convert ExternalError="1"  status-code="0"                         ext-error-text="OK"> </convert>
    <convert ExternalError="2"  status-code="2" reason-code="4908"      ext-error-text="INVALID"> </convert>
    <convert ExternalError="3"  status-code="2" reason-code="2906"      ext-error-text="ERROR"> </convert>
    <convert ExternalError="4"  status-code="1"                         ext-error-text="FALLBACK"> </convert>
    <convert ExternalError="5"  status-code="2" reason-code="2906"      ext-error-text="UNSUPPORTED"> </convert>
   </subscr>
   <default status-code="2" reason-code="9999"> </default>
  </protocol>

  <protocol name="PAYVISION">
   <otp>
    <convert ExternalError="0"          status-code="0"                         ext-error-text=""> </convert>
    <convert ExternalError="1000"       status-code="2" reason-code="2906"      ext-error-text=""> </convert>
    <convert ExternalError="2000"       status-code="1"                         ext-error-text=""> </convert>
    <convert ExternalError="3000"       status-code="2" reason-code="4908"      ext-error-text=""> </convert>
    <convert ExternalError="3100"       status-code="2" reason-code="4908"      ext-error-text=""> </convert>
    <convert ExternalError="3200"       status-code="2" reason-code="4908"      ext-error-text=""> </convert>
    <convert ExternalError="4000"       status-code="2" reason-code="4908"      ext-error-text=""> </convert>
    <convert ExternalError="5000"       status-code="2" reason-code="4908"      ext-error-text=""> </convert>
    <convert ExternalError="6000"       status-code="2" reason-code="4908"      ext-error-text=""> </convert>
    <convert ExternalError="7903"       status-code="2" reason-code="1903"      ext-error-text=""> </convert>
    <convert ExternalError="7904"       status-code="2" reason-code="1904"      ext-error-text=""> </convert>
    <convert ExternalError="7909"       status-code="2" reason-code="4909"      ext-error-text=""> </convert>
    <convert ExternalError="7910"       status-code="2" reason-code="4910"      ext-error-text=""> </convert>
    <convert ExternalError="1000001"       status-code="2" reason-code="2906"      ext-error-text=""> </convert>
    <convert ExternalError="1000002"       status-code="2" reason-code="1905"      ext-error-text=""> </convert>
    <convert ExternalError="1000003"       status-code="2" reason-code="1905"      ext-error-text=""> </convert>
   </otp>
   <subscr>
    <convert ExternalError="0"          status-code="0"                         ext-error-text=""> </convert>
    <convert ExternalError="1000"       status-code="2" reason-code="2906"      ext-error-text=""> </convert>
    <convert ExternalError="2000"       status-code="1"                         ext-error-text=""> </convert>
    <convert ExternalError="3000"       status-code="2" reason-code="4908"      ext-error-text=""> </convert>
    <convert ExternalError="3100"       status-code="2" reason-code="4908"      ext-error-text=""> </convert>
    <convert ExternalError="3200"       status-code="2" reason-code="4908"      ext-error-text=""> </convert>
    <convert ExternalError="4000"       status-code="2" reason-code="4908"      ext-error-text=""> </convert>
    <convert ExternalError="5000"       status-code="2" reason-code="4908"      ext-error-text=""> </convert>
    <convert ExternalError="6000"       status-code="2" reason-code="4908"      ext-error-text=""> </convert>
    <convert ExternalError="7903"       status-code="2" reason-code="1903"      ext-error-text=""> </convert>
    <convert ExternalError="7904"       status-code="2" reason-code="1904"      ext-error-text=""> </convert>
    <convert ExternalError="7909"       status-code="2" reason-code="4909"      ext-error-text=""> </convert>
    <convert ExternalError="7910"       status-code="2" reason-code="4910"      ext-error-text=""> </convert>
    <convert ExternalError="1000001"       status-code="2" reason-code="2906"      ext-error-text=""> </convert>
    <convert ExternalError="1000002"       status-code="2" reason-code="1905"      ext-error-text=""> </convert>
    <convert ExternalError="1000003"       status-code="2" reason-code="1905"      ext-error-text=""> </convert>
   </subscr>
   <default status-code="2" reason-code="9999"> </default>
  </protocol>

 </ErrorCode2ReasonCodeTable>

 <ReasonTextMappingTable>

  <!-- error by client or mobile subscriber -->
  <map reason-code="1300" reason-text="Invalid One time PIN"> </map>
  <map reason-code="1301" reason-text="Payment can not authorize"> </map>
  <map reason-code="1302" reason-text="Invalid MSISDN"> </map>
  <map reason-code="1303" reason-text="Invalid Customer Type"> </map>
  <map reason-code="1305" reason-text="Service Provider based MS"> </map>
  <map reason-code="1306" reason-text="MS Disabled for Premium Services"> </map>
  <map reason-code="1307" reason-text="Postpaid MS Disabled for Premium Services"> </map>
  <map reason-code="1308" reason-text="Prepaid MS Disabled for Premium Services"> </map>
  <map reason-code="1309" reason-text="Prepaid MS has not enough credit"> </map>
  <map reason-code="1310" reason-text="MS Limit reached"> </map>
  <map reason-code="1900" reason-text="Age limit violation"> </map>
  <map reason-code="1901" reason-text="Date of birth mismatch"> </map>
  <map reason-code="1902" reason-text="Alias unknown"> </map>
  <map reason-code="1903" reason-text="3D Secure PIN authentication failed"> </map>
  <map reason-code="1904" reason-text="Card not enrolled for 3D Secure Protocol"> </map>
  <map reason-code="1905" reason-text="Invalid card data"> </map>

  <!-- error by InnerSystem -->
  <map reason-code="2000" reason-text="InnerSystemException"> </map>
  <map reason-code="2001" reason-text="IS Authentication Invalid"> </map>
  <map reason-code="2100" reason-text="Invalid Transaction ID"> </map>
  <map reason-code="2101" reason-text="Transaction timeout"> </map>
  <map reason-code="2102" reason-text="Transaction closed"> </map>
  <map reason-code="2103" reason-text="No transaction found"> </map>
  <map reason-code="2200" reason-text="Wrong Subscription"> </map>
  <map reason-code="2201" reason-text="Not unique subscription"> </map>
  <map reason-code="2202" reason-text="Subscription Closed"> </map>
  <map reason-code="2903" reason-text="Invalid amount"> </map>
  <map reason-code="2904" reason-text="Transaction/MSISDN mismatch"> </map>
  <map reason-code="2905" reason-text="3rd party not allowed more than three queries per day"> </map>
  <map reason-code="2906" reason-text="Invalid Parameter"> </map>

  <!-- error by ABG -->
  <map reason-code="3000" reason-text="ABG: InternalException"> </map>

  <map reason-code="3400" reason-text="ABG: Signature verification failed"> </map>
  <map reason-code="3401" reason-text="ABG: Message authentication failed"> </map>
  <map reason-code="3402" reason-text="ABG: 3rd party not allowed"> </map>
  <map reason-code="3403" reason-text="ABG: User not found"> </map>
  <map reason-code="3404" reason-text="ABG: Account Disable"> </map>
  <map reason-code="3405" reason-text="ABG: Invalid User, Password"> </map>
  <map reason-code="3406" reason-text="ABG: Invalid CustomerId/ServiceId"> </map>
  <map reason-code="3407" reason-text="ABG: Invalid TMOId"> </map>
  <map reason-code="3460" reason-text="ABG: Invalid currency"> </map>
  <map reason-code="3461" reason-text="ABG: Invalid Price Class"> </map>
  <map reason-code="3462" reason-text="ABG: Invalid Mode"> </map>
  <map reason-code="3463" reason-text="ABG: Invalid Action Type"> </map>
  <map reason-code="3464" reason-text="ABG: Invalid DC_Flag"> </map>
  <map reason-code="3465" reason-text="ABG: Invalid TaxPattern"> </map>
  <map reason-code="3466" reason-text="ABG: Invalid Duration"> </map>
  <map reason-code="3467" reason-text="ABG: Invalid Deliver / Wrong Format"> </map>
  <map reason-code="3500" reason-text="ABG: General Data Syntax Error"> </map>
  <map reason-code="3906" reason-text="ABG: XML parsing, Validation, Requester-ID"> </map>

  <!-- error by provider -->
  <map reason-code="4000" reason-text="ProviderException"> </map>

  <map reason-code="4104" reason-text="Unknown Transaction-Status"> </map>
  <map reason-code="4907" reason-text="SMS Transaction failed"> </map>
  <map reason-code="4908" reason-text="Request not successful"> </map>
  <map reason-code="4909" reason-text="3D Secure signature verification failed"> </map>
  <map reason-code="4910" reason-text="Provider system error"> </map>

  <!-- error by secure storage -->
  <map reason-code="5000" reason-text="Secure Storage Error"> </map>

  <map reason-code="9999" reason-text="UNKNOWN"> </map>

 </ReasonTextMappingTable>

</ReasonCodeMap>
